[
    {
        "question": "What is the timeline for the decommissioning of HPSS and when will it become read-only?",
        "answer": "HPSS will be decommissioned early in 2025. It will become read-only from all OLCF resources on August 30, 2024.",
        "filename": "2024_olcf_system_changes.rst"
    },
    {
        "question": "What should users do to prepare for the HPSS decommissioning?",
        "answer": "Users should start migrating needed data from HPSS as soon as possible to avoid running out of time. They are encouraged to use the hsi utility for data transfer and reach out to help@olcf.ornl.gov for coordination of larger data migrations.",
        "filename": "2024_olcf_system_changes.rst"
    },
    {
        "question": "What is Kronos and when will it be available?",
        "answer": "Kronos is the OLCF's new nearline storage resource, which is multi-tiered containing both disk and tape. It is expected to be available late July 2024.",
        "filename": "2024_olcf_system_changes.rst"
    },
    {
        "question": "How will Kronos be accessible to users?",
        "answer": "Kronos will be mounted on the moderate Data Transfer Nodes and accessible through the OLCF Kronos collection in Globus. Users can interact with it using standard UNIX commands and tools.",
        "filename": "2024_olcf_system_changes.rst"
    },
    {
        "question": "What is the quota for projects on Kronos and how can it be changed?",
        "answer": "Each project has a default 200TB quota on Kronos. Users can request quota increases by contacting help@olcf.ornl.gov.",
        "filename": "2024_olcf_system_changes.rst"
    },
    {
        "question": "What are the preferred tools and methods for migrating data from HPSS to Kronos?",
        "answer": "The preferred method is to use the hsi utility from the DTN, as it is aware of the HPSS tape storage structure. Additionally, the hsi_xfer utility can be used to easily utilize the hsi data list feature for efficient data transfer.",
        "filename": "2024_olcf_system_changes.rst"
    },
    {
        "question": "Why is the Globus utility not recommended for migrating data from HPSS?",
        "answer": "The Globus utility is not aware of the underlying HPSS tape storage structure, which could lead to inefficient migration.",
        "filename": "2024_olcf_system_changes.rst"
    },
    {
        "question": "What is the decommissioning timeline for Summit?",
        "answer": "Summit will be decommissioned on November 15, 2024. Batch jobs will be allowed to execute until 08:00 AM (EST) on that day.",
        "filename": "2024_olcf_system_changes.rst"
    },
    {
        "question": "What changes will occur to Alpine2 on November 19, 2024?",
        "answer": "On November 19, 2024, Alpine2 will be unmounted from Andes and will be mounted read-only from the Data Transfer Nodes to allow time for data migration.",
        "filename": "2024_olcf_system_changes.rst"
    },
    {
        "question": "When will data remaining on Alpine2 be permanently deleted?",
        "answer": "Data remaining on Alpine2 will be permanently deleted on January 31, 2025.",
        "filename": "2024_olcf_system_changes.rst"
    },
    {
        "question": "What should users do if they experience extended retrieval delays during data migration from HPSS?",
        "answer": "Users should reach out to help@olcf.ornl.gov with concerns about extended retrieval delays during data migration from HPSS.",
        "filename": "2024_olcf_system_changes.rst"
    },
    {
        "question": "How will the hsi_xfer utility assist in data migration from HPSS?",
        "answer": "The hsi_xfer utility will recursively copy directories from HPSS to Kronos, creating necessary data lists and calling hsi behind the scenes. It requires full paths for both source and destination directories.",
        "filename": "2024_olcf_system_changes.rst"
    },
    {
        "question": "What is the best practice for using the hsi utility for data migration?",
        "answer": "The best practice is to create a list file and call hsi once, rather than making successive hsi get calls.",
        "filename": "2024_olcf_system_changes.rst"
    },
    {
        "question": "What is the limitation on the hsi_xfer utility usage?",
        "answer": "To maximize the availability of transfer resources, there is a limit of one active hsi_xfer operation per user.",
        "filename": "2024_olcf_system_changes.rst"
    },
    {
        "question": "What should users do if they need to delete data from the HPSS?",
        "answer": "Due to the added overhead of data deletion, users are asked not to delete data from the HPSS.",
        "filename": "2024_olcf_system_changes.rst"
    },
    {
        "question": "What is the capacity and bandwidth of Kronos?",
        "answer": "Kronos will provide an initial disk capacity of 134 PB and is capable of bandwidth of up to 200 GB/s from the center's Data Transfer Nodes.",
        "filename": "2024_olcf_system_changes.rst"
    },
    {
        "question": "Why is it important to consider physical tape access overhead when planning data migration?",
        "answer": "Physical tape access overhead can lead to longer retrieval times for data stored only on tape compared to data stored on disk. Users should consider this when planning their data migration.",
        "filename": "2024_olcf_system_changes.rst"
    },
    {
        "question": "What is the recommended method for transferring data from HPSS to Kronos?",
        "answer": "The recommended method is to utilize the hsi utility from the DTN, as it provides the best performance and is aware of the HPSS tape storage structure.",
        "filename": "2024_olcf_system_changes.rst"
    },
    {
        "question": "What will happen to batch jobs on Summit after November 15, 2024?",
        "answer": "Batch jobs will be allowed to execute until 08:00 AM (EST) on November 15, 2024. Jobs remaining in the queue after this time will be deleted.",
        "filename": "2024_olcf_system_changes.rst"
    },
    {
        "question": "What should users do to manage workflows requiring Alpine2 before its unmounting?",
        "answer": "Users should manage their workflows such that Andes batch jobs requiring Alpine2 will complete prior to its unmounting on November 19, 2024, as these jobs will fail after this date.",
        "filename": "2024_olcf_system_changes.rst"
    },
    {
        "question": "What is the primary purpose of the Andes cluster?",
        "answer": "The primary purpose of the Andes cluster is to provide a conduit for large-scale scientific discovery via pre/post processing and analysis of simulation data generated on Frontier.",
        "filename": "andes_user_guide.rst"
    },
    {
        "question": "How many compute nodes and GPU nodes does Andes have?",
        "answer": "Andes contains 704 compute nodes and 9 GPU nodes.",
        "filename": "andes_user_guide.rst"
    },
    {
        "question": "What are the specifications of the compute nodes in the batch partition of Andes?",
        "answer": "Each compute node in the batch partition contains two 16-core 3.0 GHz AMD EPYC 7302 processors with AMD's Simultaneous Multithreading (SMT) Technology and 256GB of main memory. Each CPU features 16 physical cores, for a total of 32 physical cores per node.",
        "filename": "andes_user_guide.rst"
    },
    {
        "question": "Describe the GPU partition of Andes.",
        "answer": "The GPU partition of Andes consists of 9 large memory/GPU nodes. Each node has 1TB of main memory, two NVIDIA K80 GPUs, and two 14-core 2.30 GHz Intel Xeon processors with HT Technology.",
        "filename": "andes_user_guide.rst"
    },
    {
        "question": "What is the maximum theoretical transfer rate of the Infiniband interconnect in Andes?",
        "answer": "The maximum theoretical transfer rate of the S8500 Series HDR Infiniband interconnect in Andes is 200 Gb/s.",
        "filename": "andes_user_guide.rst"
    },
    {
        "question": "How are login nodes on Andes configured?",
        "answer": "Andes features 8 login nodes that are identical to the batch partition compute nodes.",
        "filename": "andes_user_guide.rst"
    },
    {
        "question": "What should users refrain from doing on Andes login nodes and why?",
        "answer": "Users should refrain from performing CPU- or memory-intensive tasks on Andes login nodes because such tasks could interrupt service to other users.",
        "filename": "andes_user_guide.rst"
    },
    {
        "question": "Explain how users can connect to Andes.",
        "answer": "Users can connect to Andes by using the SSH command to connect to andes.olcf.ornl.gov.",
        "filename": "andes_user_guide.rst"
    },
    {
        "question": "What kind of file system support does Andes provide?",
        "answer": "Andes provides support for the OLCF's center-wide data-orion-lustre-hpe-clusterstor-filesystem for computational work, an NFS-based file system for user and project home directories, and the OLCF's data-hpss for archival spaces.",
        "filename": "andes_user_guide.rst"
    },
    {
        "question": "Describe the wrapper provided by OLCF for the lfs setstripe command.",
        "answer": "The OLCF provides a wrapper for the lfs setstripe command to simplify the process of striping files. This wrapper enforces certain settings to ensure correct striping practices, which helps maintain good performance and prevent filesystem issues.",
        "filename": "andes_user_guide.rst"
    },
    {
        "question": "What are the recommended settings for using the Orion filesystem effectively?",
        "answer": "To use the Orion filesystem effectively, users should use the capacity OST pool tier (e.g., lfs setstripe -p capacity) and stripe across no more than 450 OSTs.",
        "filename": "andes_user_guide.rst"
    },
    {
        "question": "What is Lmod, and how does it benefit users on Andes?",
        "answer": "Lmod is a Lua-based module system used for dynamically altering shell environments. It benefits users by managing changes to the shell's environment variables, allowing them to alter the software available in their shell environment without the risk of creating incompatible package and version combinations.",
        "filename": "andes_user_guide.rst"
    },
    {
        "question": "What compilers are available on Andes, and what is the default compiler?",
        "answer": "The available compilers on Andes are Intel (Intel composer xe, which is the default), PGI (the Portland group compiler suite), and GCC (the GNU compiler collection).",
        "filename": "andes_user_guide.rst"
    },
    {
        "question": "How are jobs executed in High Performance Computing (HPC) environments like Andes?",
        "answer": "In HPC environments like Andes, jobs are executed by preparing executables and input files, writing a batch script, submitting the batch script to the batch scheduler, and optionally monitoring the job before and during execution.",
        "filename": "andes_user_guide.rst"
    },
    {
        "question": "What is the purpose of using the salloc command in Slurm?",
        "answer": "The salloc command in Slurm is used to allocate resources and gain interactive access to compute resources, allowing users to run tasks interactively rather than through a batch script.",
        "filename": "andes_user_guide.rst"
    },
    {
        "question": "How does the OLCF manage software environments on Andes?",
        "answer": "The OLCF manages software environments on Andes using environment modules provided through Lmod, which allows users to dynamically modify their user environment by using pre-written modulefiles.",
        "filename": "andes_user_guide.rst"
    },
    {
        "question": "What should users do if they require a different compiler version on Andes?",
        "answer": "If users require a different compiler version on Andes, they must ensure the compiler's module is loaded and then swap to the correct compiler version using the module system.",
        "filename": "andes_user_guide.rst"
    },
    {
        "question": "Explain the job scheduling process on Andes.",
        "answer": "Jobs on Andes are scheduled in full node increments, and the scheduling policies for the individual partitions are designed based on user feedback and analysis of batch jobs. Jobs that do not specify a partition will run in the 704 node batch partition, while access to the 9 node GPU partition requires specifying -p gpu in the batch job submission.",
        "filename": "andes_user_guide.rst"
    },
    {
        "question": "What are the implications of a project overrunning its allocation on OLCF systems?",
        "answer": "Projects that overrun their allocation are still allowed to run on OLCF systems but at a reduced priority. The batch system will consider jobs from projects that are over their allocation as having waited for a shorter time, and these jobs will be limited in the amount of wall time they can use.",
        "filename": "andes_user_guide.rst"
    },
    {
        "question": "What tools does Slurm provide for managing and monitoring jobs?",
        "answer": "Slurm provides tools like scancel to stop and remove jobs from the queue, scontrol hold and scontrol release to manage job hold states, and utilities like squeue and sacct to view queue, system, and job status.",
        "filename": "andes_user_guide.rst"
    },
    {
        "question": "What is the purpose of the OLCF's Scalable Protected Infrastructure (SPI)?",
        "answer": "The purpose of the OLCF's Scalable Protected Infrastructure (SPI) is to provide resources and protocols that enable researchers to process protected data at scale. It is built around a framework of security protocols that allows researchers to process large datasets containing private information on the center's large HPC resources.",
        "filename": "citadel_user_guide.rst"
    },
    {
        "question": "What types of data can be processed using the SPI framework?",
        "answer": "The SPI framework allows for the processing of data containing protected health information (PHI), personally identifiable information (PII), data protected under International Traffic in Arms Regulations, and other types of data that require privacy.",
        "filename": "citadel_user_guide.rst"
    },
    {
        "question": "How does the SPI differ from standard non-SPI processes?",
        "answer": "Many processes used within the SPI are similar to those used for standard non-SPI, but the SPI includes specialized resources targeted at SPI workloads. The differences are specifically related to the handling of protected data and the security protocols in place to support this.",
        "filename": "citadel_user_guide.rst"
    },
    {
        "question": "What is the CITADEL security framework, and how is it related to the SPI?",
        "answer": "The CITADEL security framework is a part of the SPI infrastructure at the NCCS and OLCF. It provides resources and protocols to enable researchers to process protected data securely and at scale, allowing the use of OLCF’s large HPC resources for computing data that requires privacy.",
        "filename": "citadel_user_guide.rst"
    },
    {
        "question": "What was the original purpose for conceiving the CITADEL security framework?",
        "answer": "The CITADEL security framework was originally conceived to facilitate the large-scale analysis of protected health information (PHI) data from the US Department of Veterans Affairs' (VA) Million Veteran Program.",
        "filename": "citadel_user_guide.rst"
    },
    {
        "question": "What measures have been taken to ensure data privacy within the CITADEL framework?",
        "answer": "CITADEL enforces security measures for handling vast datasets that require heightened privacy safeguards. Extra precautions ensure that private data cannot be accessed by other researchers or used by other projects.",
        "filename": "citadel_user_guide.rst"
    },
    {
        "question": "What accreditation has CITADEL undergone to enable its use for sensitive data?",
        "answer": "CITADEL has undergone comprehensive technical, legal, and policy-oriented reviews and has received third-party accreditation.",
        "filename": "citadel_user_guide.rst"
    },
    {
        "question": "How has the CITADEL framework expanded beyond its initial prototype?",
        "answer": "With assistance from ORNL Risk Management and ORNL’s Information Technology Services Division (ITSD), the NCCS SPI team refined the initial prototype of CITADEL and expanded its capabilities to accommodate a diverse array of programs, projects, and sponsors.",
        "filename": "citadel_user_guide.rst"
    },
    {
        "question": "How does the CITADEL framework handle HIPAA-protected data from different sponsors?",
        "answer": "Under the CITADEL framework, HIPAA-protected data from different sponsors, such as the VA and the Centers for Medicare and Medicaid Services (CMS), is kept absolutely separate to ensure privacy and security.",
        "filename": "citadel_user_guide.rst"
    },
    {
        "question": "What role does the National Institute of Standards and Technology (NIST) play in the SPI's security protocols?",
        "answer": "The National Institute of Standards and Technology’s security and privacy controls for moderate Official Use Only data informs the security measures implemented in the CITADEL framework for handling protected data.",
        "filename": "citadel_user_guide.rst"
    },
    {
        "question": "What resources does the OLCF provide for computing SPI workflows?",
        "answer": "The OLCF provides large HPC resources, including Frontier, for computing SPI workflows, allowing researchers to process protected data securely and efficiently.",
        "filename": "citadel_user_guide.rst"
    },
    {
        "question": "What is the significance of the Frontier resources in the context of the SPI?",
        "answer": "Frontier resources are part of the OLCF's large HPC capabilities that can be used to compute SPI workflows, enabling the processing of large datasets with privacy requirements.",
        "filename": "citadel_user_guide.rst"
    },
    {
        "question": "How has the CITADEL framework impacted research projects that require data privacy?",
        "answer": "The CITADEL framework has presented new possibilities for research projects that previously could not utilize OLCF systems due to the nature of their data, by providing a secure environment for processing protected information.",
        "filename": "citadel_user_guide.rst"
    },
    {
        "question": "What is the relationship between the NCCS and the OLCF in terms of the SPI?",
        "answer": "The National Center for Computational Science (NCCS) and the Oak Ridge Leadership Computing Facility (OLCF) have collaborated to implement the CITADEL security framework as part of their Scalable Protected Infrastructure (SPI) to support secure data processing.",
        "filename": "citadel_user_guide.rst"
    },
    {
        "question": "What specific data types does the CITADEL framework cater to in terms of privacy requirements?",
        "answer": "The CITADEL framework caters to data types such as protected health information (PHI), personally identifiable information (PII), and data protected under International Traffic in Arms Regulations, among other types that require privacy.",
        "filename": "citadel_user_guide.rst"
    },
    {
        "question": "What role do ORNL Risk Management and ITSD play in the development of the CITADEL framework?",
        "answer": "ORNL Risk Management and ORNL’s Information Technology Services Division (ITSD) assisted the NCCS SPI team in refining the initial prototype of the CITADEL framework and expanding its capabilities.",
        "filename": "citadel_user_guide.rst"
    },
    {
        "question": "How does the SPI infrastructure ensure that data is not shared between researchers or projects?",
        "answer": "The SPI infrastructure, through its security protocols and the CITADEL framework, ensures that private data is managed with extra precautions so that it cannot be accessed by other researchers or used by other projects.",
        "filename": "citadel_user_guide.rst"
    },
    {
        "question": "How does the SPI framework accommodate different programs and sponsors?",
        "answer": "The SPI framework, particularly through the expanded capabilities of the CITADEL framework, is designed to accommodate a diverse array of programs, projects, and sponsors by providing tailored security measures and resource allocation.",
        "filename": "citadel_user_guide.rst"
    },
    {
        "question": "What documentation is available for understanding the differences between SPI and non-SPI workflows on Frontier?",
        "answer": "For details on the Citadel framework and how it differs from the non-SPI Frontier workflows, researchers are directed to the SPI documentation as referenced in the document.",
        "filename": "citadel_user_guide.rst"
    },
    {
        "question": "What challenges did the CITADEL framework address for research projects at the OLCF?",
        "answer": "The CITADEL framework addressed challenges related to processing protected and sensitive data by providing a secure infrastructure that previously hindered research projects from utilizing OLCF systems due to privacy concerns.",
        "filename": "citadel_user_guide.rst"
    },
    {
        "question": "What are Data Transfer Nodes (DTNs) and what is their primary purpose?",
        "answer": "Data Transfer Nodes (DTNs) are hosts specifically designed to provide optimized data transfer between OLCF systems and systems outside of the OLCF network. Their primary purpose is to improve transfer speed and reduce load on computational systems’ login and service nodes by performing well on both local-area and wide-area data transfers.",
        "filename": "dtn_user_guide.rst"
    },
    {
        "question": "How many sets of DTNs does the OLCF provide and for what purpose?",
        "answer": "The OLCF provides two sets of DTNs: one for systems in the moderate enclave and a second for systems in the open enclave. These sets are meant to optimize data transfers for users based on the enclave their systems are part of.",
        "filename": "dtn_user_guide.rst"
    },
    {
        "question": "Who is granted access to the DTNs and how can they connect interactively?",
        "answer": "Access to the DTNs is automatically granted to all enabled OLCF users. For interactive access, users can connect via ssh/scp/sftp to dtn.ccs.ornl.gov for the moderate enclave or opendtn.ccs.ornl.gov for the open enclave.",
        "filename": "dtn_user_guide.rst"
    },
    {
        "question": "Explain how DTNs can be accessed via Globus endpoints.",
        "answer": "DTNs are accessible via the 'OLCF DTN' for the moderate enclave and 'NCCS Open DTN' for the open enclave Globus endpoints. This allows users to transfer data using the Globus platform.",
        "filename": "dtn_user_guide.rst"
    },
    {
        "question": "What kind of batch jobs do the moderate DTNs support and how many nodes are available?",
        "answer": "The moderate DTNs support batch jobs, and there are 8 nodes available through the DTN batch system to handle these jobs.",
        "filename": "dtn_user_guide.rst"
    },
    {
        "question": "Which batch scheduler is used by most OLCF resources, including the DTNs?",
        "answer": "Most OLCF resources, including the DTNs, use the Slurm batch scheduler.",
        "filename": "dtn_user_guide.rst"
    },
    {
        "question": "What is the significance of the -M flag when submitting to the Frontier batch queue from the moderate DTNs?",
        "answer": "The -M flag is used when submitting to the Frontier batch queue from the moderate DTNs to ensure that the programming environment is not inherited from the DTNs. This helps in maintaining the correct environment settings for the job.",
        "filename": "dtn_user_guide.rst"
    },
    {
        "question": "How can the DTN environment be prevented from copying to the job on compute nodes?",
        "answer": "To prevent the DTN environment from copying to the job on compute nodes, the --export=NONE sbatch submission flag should be used in combination with the SLURM_EXPORT_ENV environment variable.",
        "filename": "dtn_user_guide.rst"
    },
    {
        "question": "What adjustment needs to be made to match Frontier's default setting when using SBATCH directives?",
        "answer": "When using SBATCH directives, the threads-per-core setting needs to be adjusted to match Frontier's default setting.",
        "filename": "dtn_user_guide.rst"
    },
    {
        "question": "Describe the role of Slurm in managing DTN resources.",
        "answer": "Slurm is the batch scheduler used to manage DTN resources, allowing users to submit and manage batch jobs efficiently on the DTNs, ensuring optimal use of resources and streamlined data transfer processes.",
        "filename": "dtn_user_guide.rst"
    },
    {
        "question": "What challenges might arise from not using the --export=NONE sbatch submission flag?",
        "answer": "Without using the --export=NONE sbatch submission flag, there is a risk that the DTN environment settings could be inadvertently copied to the compute nodes, potentially causing errors or conflicts in the job execution environment.",
        "filename": "dtn_user_guide.rst"
    },
    {
        "question": "Why is it important to use the threads-per-core SBATCH directive when working with DTNs and Frontier?",
        "answer": "Using the threads-per-core SBATCH directive is important to ensure that the DTNs' default settings are adjusted to align with Frontier's default settings, which is crucial for maintaining performance and compatibility between different systems.",
        "filename": "dtn_user_guide.rst"
    },
    {
        "question": "What is the recommended method for OLCF users to transfer data efficiently?",
        "answer": "OLCF recommends that users utilize the Data Transfer Nodes (DTNs) for efficient data transfer, as they are optimized for both local-area and wide-area transfers, improving speed and reducing load on computational systems.",
        "filename": "dtn_user_guide.rst"
    },
    {
        "question": "How does the OLCF ensure that DTNs are optimized for wide-area data transfers?",
        "answer": "The OLCF tunes the DTNs specifically for wide-area data transfers, which involves configuring and optimizing the nodes to handle large data transfers efficiently over long distances.",
        "filename": "dtn_user_guide.rst"
    },
    {
        "question": "In what way are DTNs beneficial for computational systems at OLCF?",
        "answer": "DTNs are beneficial for computational systems at OLCF as they help reduce the load on these systems’ login and service nodes by handling data transfers separately, allowing computational resources to focus on processing tasks.",
        "filename": "dtn_user_guide.rst"
    },
    {
        "question": "What is the primary function of the dtn.ccs.ornl.gov and opendtn.ccs.ornl.gov endpoints?",
        "answer": "The primary function of the dtn.ccs.ornl.gov endpoint is to provide interactive access to DTNs for the moderate enclave, while opendtn.ccs.ornl.gov serves the same purpose for the open enclave, allowing users to connect via ssh/scp/sftp.",
        "filename": "dtn_user_guide.rst"
    },
    {
        "question": "Why might the document mention 'No role entry for \"ref\" in module \"docutils.parsers.rst.languages.en\"'?",
        "answer": "The mention of 'No role entry for \"ref\" in module \"docutils.parsers.rst.languages.en\"' suggests an error or issue with the document's formatting or referencing system, indicating that the specified reference could not be processed correctly.",
        "filename": "dtn_user_guide.rst"
    },
    {
        "question": "What role does the SLURM_EXPORT_ENV environment variable play in the DTN batch submission process?",
        "answer": "The SLURM_EXPORT_ENV environment variable plays a role in controlling the environment settings during DTN batch submission, helping to ensure that the DTN environment is not incorrectly copied to the compute nodes.",
        "filename": "dtn_user_guide.rst"
    },
    {
        "question": "How do DTNs contribute to the overall efficiency of data management at OLCF?",
        "answer": "DTNs contribute to the overall efficiency of data management at OLCF by providing a dedicated and optimized infrastructure for data transfers, reducing the burden on computational resources and enabling faster, more reliable data movement across networks.",
        "filename": "dtn_user_guide.rst"
    },
    {
        "question": "What might be the implications of not adjusting the threads-per-core setting when using DTNs with Frontier?",
        "answer": "Not adjusting the threads-per-core setting when using DTNs with Frontier could lead to performance mismatches or inefficiencies, as the DTNs' default settings may not align with Frontier's, potentially impacting the execution and performance of batch jobs.",
        "filename": "dtn_user_guide.rst"
    },
    {
        "question": "What is the purpose of the home.ccs.ornl.gov system?",
        "answer": "The home.ccs.ornl.gov system, referred to as Home, is a general-purpose system used to log into other OLCF systems that are not directly accessible from outside the OLCF network.",
        "filename": "home_user_guide.rst"
    },
    {
        "question": "What are some common uses of the Home system?",
        "answer": "Common uses of the Home system include running the screen or tmux utility, setting up RSA SecurID Tokens, and using SSH, Vi, and other non-GUI editors.",
        "filename": "home_user_guide.rst"
    },
    {
        "question": "What types of tasks should not be performed on the Home system?",
        "answer": "Compiling, data transfer, or executing long-running or memory-intensive tasks should not be performed on the Home system.",
        "filename": "home_user_guide.rst"
    },
    {
        "question": "Who is automatically granted access to the Home system?",
        "answer": "Home access is automatically granted to all enabled OLCF users.",
        "filename": "home_user_guide.rst"
    },
    {
        "question": "How can a user connect to the Home system?",
        "answer": "A user can connect to the Home system by using SSH to connect to home.ccs.ornl.gov.",
        "filename": "home_user_guide.rst"
    },
    {
        "question": "What is the primary function of the Home system within the OLCF network?",
        "answer": "The primary function of the Home system is to provide access to systems within the OLCF network.",
        "filename": "home_user_guide.rst"
    },
    {
        "question": "Why is compiling not recommended on the Home system?",
        "answer": "Compiling is not recommended on the Home system because it is not designed for memory-intensive tasks.",
        "filename": "home_user_guide.rst"
    },
    {
        "question": "Can the Home system be used for data transfers?",
        "answer": "No, the Home system should not be used for data transfers as it is not intended for such tasks.",
        "filename": "home_user_guide.rst"
    },
    {
        "question": "What are some appropriate uses of the Home system?",
        "answer": "Appropriate uses of the Home system include RSA SecurID Token setup, SSH, using Vi and other non-GUI editors, and using screen or other terminal multiplexers.",
        "filename": "home_user_guide.rst"
    },
    {
        "question": "What should be done to learn more about connecting to OLCF resources?",
        "answer": "To learn more about connecting to OLCF resources, one should refer to the documentation section titled 'connecting-to-olcf'.",
        "filename": "home_user_guide.rst"
    },
    {
        "question": "Is it appropriate to execute long-running processes on the Home system?",
        "answer": "No, executing long-running processes is inappropriate on the Home system.",
        "filename": "home_user_guide.rst"
    },
    {
        "question": "What is an example of a terminal multiplexer that can be used on the Home system?",
        "answer": "An example of a terminal multiplexer that can be used on the Home system is 'screen'.",
        "filename": "home_user_guide.rst"
    },
    {
        "question": "Why might a user choose to use the Home system?",
        "answer": "A user might choose to use the Home system to access other OLCF systems that are not directly accessible from outside the OLCF network.",
        "filename": "home_user_guide.rst"
    },
    {
        "question": "Is the Home system suitable for memory-intensive tasks?",
        "answer": "No, the Home system is not suitable for memory-intensive tasks.",
        "filename": "home_user_guide.rst"
    },
    {
        "question": "What is the recommended method for connecting to the Home system?",
        "answer": "The recommended method for connecting to the Home system is through SSH.",
        "filename": "home_user_guide.rst"
    },
    {
        "question": "Can graphical user interface (GUI) editors be used on the Home system?",
        "answer": "No, only non-GUI editors like Vi are appropriate for use on the Home system.",
        "filename": "home_user_guide.rst"
    },
    {
        "question": "What kind of network is the Home system part of?",
        "answer": "The Home system is part of the OLCF network.",
        "filename": "home_user_guide.rst"
    },
    {
        "question": "What is the consequence of using the Home system for inappropriate tasks?",
        "answer": "Using the Home system for inappropriate tasks such as compiling, data transfers, or long-running processes can lead to suboptimal performance and is discouraged.",
        "filename": "home_user_guide.rst"
    },
    {
        "question": "What kind of authentication setup can be performed using the Home system?",
        "answer": "RSA SecurID Token setup can be performed using the Home system.",
        "filename": "home_user_guide.rst"
    },
    {
        "question": "What does the document suggest for users who need to perform tasks not suitable for the Home system?",
        "answer": "The document suggests that tasks not suitable for the Home system, such as compiling, data transfers, or long-running processes, should be performed on other systems within the OLCF network that are designed for such purposes.",
        "filename": "home_user_guide.rst"
    },
    {
        "question": "What is the deadline for accessing data on the HPSS?",
        "answer": "The deadline for accessing data on the HPSS is January 31, 2025.",
        "filename": "hpss_user_guide.rst"
    },
    {
        "question": "What will happen to the data on HPSS after January 31, 2025?",
        "answer": "After January 31, 2025, all remaining data on the HPSS will be permanently deleted, and the OLCF will no longer be able to retrieve it.",
        "filename": "hpss_user_guide.rst"
    },
    {
        "question": "What is HPSS used for?",
        "answer": "The High Performance Storage System (HPSS) is used for providing tape storage for large amounts of data created on OLCF systems.",
        "filename": "hpss_user_guide.rst"
    },
    {
        "question": "How can HPSS be accessed?",
        "answer": "HPSS can be accessed from any OLCF system through the hsi utility.",
        "filename": "hpss_user_guide.rst"
    },
    {
        "question": "Where can more information about using HPSS be found?",
        "answer": "More information about using HPSS can be found in the 'data-hpss' section of the 'data-storage-and-transfers' page.",
        "filename": "hpss_user_guide.rst"
    },
    {
        "question": "What should users do to avoid losing their data on HPSS?",
        "answer": "Users should not wait to move needed data before January 31, 2025, to avoid losing it permanently.",
        "filename": "hpss_user_guide.rst"
    },
    {
        "question": "What is the significance of the date January 31, 2025, in relation to HPSS?",
        "answer": "January 31, 2025, is the deadline after which all remaining data on HPSS will be permanently deleted and inaccessible.",
        "filename": "hpss_user_guide.rst"
    },
    {
        "question": "Is there any possibility to retrieve data from HPSS after the deadline?",
        "answer": "No, after the deadline of January 31, 2025, the OLCF will no longer be able to retrieve data remaining on HPSS.",
        "filename": "hpss_user_guide.rst"
    },
    {
        "question": "What is the OLCF's role in relation to HPSS data after January 31, 2025?",
        "answer": "After January 31, 2025, the OLCF will not have the capability to retrieve any data that remains on HPSS.",
        "filename": "hpss_user_guide.rst"
    },
    {
        "question": "What utility is used to access HPSS from OLCF systems?",
        "answer": "The hsi utility is used to access HPSS from OLCF systems.",
        "filename": "hpss_user_guide.rst"
    },
    {
        "question": "What should users refer to for more information on migrating data from HPSS?",
        "answer": "Users should refer to the 'hpss-migration' section for more information on migrating data from HPSS.",
        "filename": "hpss_user_guide.rst"
    },
    {
        "question": "What is the main purpose of the HPSS?",
        "answer": "The main purpose of the HPSS is to provide tape storage for large amounts of data created on OLCF systems.",
        "filename": "hpss_user_guide.rst"
    },
    {
        "question": "What action is recommended for users with data on HPSS?",
        "answer": "It is recommended that users move any needed data from HPSS before the deadline to avoid permanent deletion.",
        "filename": "hpss_user_guide.rst"
    },
    {
        "question": "What happens if data is not moved from HPSS by the deadline?",
        "answer": "If data is not moved from HPSS by the deadline, it will be permanently deleted and cannot be retrieved.",
        "filename": "hpss_user_guide.rst"
    },
    {
        "question": "What does HPSS stand for?",
        "answer": "High Performance Storage System.",
        "filename": "hpss_user_guide.rst"
    },
    {
        "question": "Why is it important to be aware of the January 31, 2025 deadline?",
        "answer": "It is important to be aware of the January 31, 2025 deadline because data remaining on HPSS will be permanently deleted after this date.",
        "filename": "hpss_user_guide.rst"
    },
    {
        "question": "How is the HPSS data deletion communicated in the document?",
        "answer": "The document clearly states that all remaining HPSS data will be permanently deleted on January 31, 2025.",
        "filename": "hpss_user_guide.rst"
    },
    {
        "question": "What are the consequences of not migrating data from HPSS in time?",
        "answer": "The consequences of not migrating data from HPSS in time include permanent deletion of the data and the inability to retrieve it.",
        "filename": "hpss_user_guide.rst"
    },
    {
        "question": "What does the document say about accessing HPSS from OLCF systems?",
        "answer": "The document states that HPSS can be accessed from any OLCF system through the hsi utility.",
        "filename": "hpss_user_guide.rst"
    },
    {
        "question": "What is the recommended action for users who need their data from HPSS?",
        "answer": "The recommended action for users who need their data from HPSS is to move it before January 31, 2025, to avoid permanent deletion.",
        "filename": "hpss_user_guide.rst"
    },
    {
        "question": "What is the issue mentioned in the document regarding the 'toctree' directive?",
        "answer": "The document mentions that there is no directive entry for 'toctree' in the module 'docutils.parsers.rst.languages.en', and it is being tried as a canonical directive name. However, it is identified as an unknown directive type.",
        "filename": "index.rst"
    },
    {
        "question": "What is the significance of the 'toctree' directive in the context of the document?",
        "answer": "The 'toctree' directive is likely intended to organize or manage a table of contents structure within a document, but in this context, it is not recognized or properly defined, leading to an error.",
        "filename": "index.rst"
    },
    {
        "question": "What does the document imply by 'Trying \"toctree\" as canonical directive name'?",
        "answer": "This implies that the system attempted to recognize 'toctree' as a standard or default directive name because it did not find an entry for it in the specified module.",
        "filename": "index.rst"
    },
    {
        "question": "What module does the document refer to when mentioning the missing 'toctree' directive entry?",
        "answer": "The document refers to the module 'docutils.parsers.rst.languages.en' when mentioning the missing 'toctree' directive entry.",
        "filename": "index.rst"
    },
    {
        "question": "What might be the consequence of having an unknown directive type like 'toctree'?",
        "answer": "Having an unknown directive type like 'toctree' could lead to errors or failures in processing the document correctly, potentially resulting in missing or improperly structured content.",
        "filename": "index.rst"
    },
    {
        "question": "How does the document suggest handling the unknown 'toctree' directive?",
        "answer": "The document does not provide a solution for handling the unknown 'toctree' directive; it merely reports the attempt to use it as a canonical directive name and its subsequent recognition as an unknown type.",
        "filename": "index.rst"
    },
    {
        "question": "What role does the module 'docutils.parsers.rst.languages.en' play in the document?",
        "answer": "The module 'docutils.parsers.rst.languages.en' is expected to contain directive entries for the English language. Its role is to provide definitions and support for various directive types, including potentially 'toctree'.",
        "filename": "index.rst"
    },
    {
        "question": "In the context of the document, what could be done to resolve the issue with the 'toctree' directive?",
        "answer": "To resolve the issue, one could ensure that the 'toctree' directive is properly defined in the module 'docutils.parsers.rst.languages.en' or check if it is being used correctly according to the module's specifications.",
        "filename": "index.rst"
    },
    {
        "question": "What is the purpose of using directive entries in a module like 'docutils.parsers.rst.languages.en'?",
        "answer": "Directive entries in a module like 'docutils.parsers.rst.languages.en' serve to define and support specific instructions or commands used in reStructuredText documents, ensuring they are recognized and processed correctly.",
        "filename": "index.rst"
    },
    {
        "question": "Why might a directive like 'toctree' be important in document processing?",
        "answer": "A directive like 'toctree' could be important in document processing because it may be used to structure and organize content, such as creating a table of contents, which is crucial for navigation and readability.",
        "filename": "index.rst"
    },
    {
        "question": "What does the term 'canonical directive name' refer to in the document?",
        "answer": "The term 'canonical directive name' refers to a standard or universally recognized name for a directive that the system attempts to use when a specific entry is not found in the module.",
        "filename": "index.rst"
    },
    {
        "question": "What implications does the document's message have for developers working with reStructuredText?",
        "answer": "The document's message implies that developers should ensure all directives used in their reStructuredText documents are properly defined and recognized in the relevant modules to avoid processing errors.",
        "filename": "index.rst"
    },
    {
        "question": "How does the document highlight the importance of proper directive configuration?",
        "answer": "The document highlights the importance of proper directive configuration by pointing out the issue of an unknown directive type, which can lead to processing failures and emphasizes the need for correct entries in the module.",
        "filename": "index.rst"
    },
    {
        "question": "What might be a potential solution if the 'toctree' directive is not recognized in the module?",
        "answer": "A potential solution could be to update or modify the module 'docutils.parsers.rst.languages.en' to include a proper entry for the 'toctree' directive or consult documentation to ensure it is used correctly.",
        "filename": "index.rst"
    },
    {
        "question": "What does the document suggest about the system's ability to recognize directives?",
        "answer": "The document suggests that the system relies on predefined entries in the module to recognize directives, and when these entries are missing, it may attempt to use a canonical name but still fail to recognize unknown types.",
        "filename": "index.rst"
    },
    {
        "question": "What steps could be taken to avoid encountering unknown directive types in the future?",
        "answer": "To avoid encountering unknown directive types, developers should verify that all directives used in their documents are supported by the modules they are working with and adhere to the correct syntax and usage guidelines.",
        "filename": "index.rst"
    },
    {
        "question": "How does the document illustrate the potential challenges in document parsing?",
        "answer": "The document illustrates potential challenges in document parsing by discussing the issue of an unknown directive type, which can prevent correct document processing and highlights the need for accurate configuration.",
        "filename": "index.rst"
    },
    {
        "question": "What is the role of 'docutils.parsers.rst.languages.en' in directive recognition?",
        "answer": "The role of 'docutils.parsers.rst.languages.en' in directive recognition is to provide the necessary entries and definitions for directives used in English-language reStructuredText documents, ensuring they are processed correctly.",
        "filename": "index.rst"
    },
    {
        "question": "What lesson can be learned from the document regarding directive usage?",
        "answer": "The lesson learned from the document is that it is crucial to ensure all directives are properly defined and recognized in the relevant modules to avoid processing errors and maintain document integrity.",
        "filename": "index.rst"
    },
    {
        "question": "How does the document emphasize the need for proper documentation in programming?",
        "answer": "The document emphasizes the need for proper documentation in programming by showing how the absence of a directive entry can lead to errors, underscoring the importance of having clear and accurate documentation for all components.",
        "filename": "index.rst"
    },
    {
        "question": "What is Odo and how is it different from Frontier?",
        "answer": "Odo is a training system that is not intended to be used as an OLCF user resource. It is a 32-node stand-alone system with the same architecture as Frontier, but it resides in the NCCS Open Security Enclave. Odo is primarily used for OLCF training events and differs from Frontier in terms of the number of compute nodes and the file systems it mounts.",
        "filename": "odo_user_guide.rst"
    },
    {
        "question": "How many nodes does Odo have, and what are their types?",
        "answer": "Odo has a total of 32 nodes, out of which two are login nodes, and the remaining 30 are compute nodes.",
        "filename": "odo_user_guide.rst"
    },
    {
        "question": "Describe the hardware configuration of an Odo compute node.",
        "answer": "Each Odo compute node consists of one 64-core AMD 'Optimized 3rd Gen EPYC' CPU with 2 hardware threads per physical core and 512 GB of DDR4 memory. Each node also contains 4 AMD MI250X, each with 2 Graphics Compute Dies (GCDs), totaling 8 GCDs per node. Each GCD can be conceptualized as a separate GPU with 64 GB of high-bandwidth memory.",
        "filename": "odo_user_guide.rst"
    },
    {
        "question": "What is the purpose of the NCCS Open Security Enclave, and how does it affect Odo users?",
        "answer": "The NCCS Open Security Enclave, where Odo resides, is subject to fewer restrictions compared to the Moderate Security Enclave used by systems like Frontier. This allows for a streamlined approval process for participants in OLCF training events, making access to Odo more efficient.",
        "filename": "odo_user_guide.rst"
    },
    {
        "question": "What file systems are available to Odo users, and what are their purposes?",
        "answer": "Odo users have access to several file systems: a personal home (NFS) directory, /ccsopen/home/[userid], for individual access; a project NFS directory, /ccsopen/proj/[projid], for project members; and a GPFS parallel file system called wolf2 with directories for shared project access, user-specific scratch space, and world-shared access for all users.",
        "filename": "odo_user_guide.rst"
    },
    {
        "question": "Explain the process of obtaining access to Odo for an OLCF training event.",
        "answer": "To obtain access to Odo, participants must fill out a form with their project ID, select 'Yes' for OLCF as the Project Organization and 'Yes' for Open as the Security Enclave, and proceed through several screens providing personal, shipping, and employment information. They must also agree to policies and, if approved, new users will receive an email to set up a password. Existing users can use their XCAMS/UCAMS credentials.",
        "filename": "odo_user_guide.rst"
    },
    {
        "question": "What should a user do if they log in to Odo and do not find their home directory?",
        "answer": "If a user logs in and does not see their home directory, it is likely because the directories take approximately five minutes to be created after the account is set up. Users should wait for this process to complete.",
        "filename": "odo_user_guide.rst"
    },
    {
        "question": "What credentials are required for logging into Odo, and how does it differ from other OLCF systems?",
        "answer": "To log in to Odo, users need their XCAMS/UCAMS username and password. Unlike other OLCF systems such as Frontier, logging into Odo does not require an RSA token.",
        "filename": "odo_user_guide.rst"
    },
    {
        "question": "What should a user do if they do not see their school listed while filling the Employment/Institution Information?",
        "answer": "If a student's school is not listed, they should choose 'other' for both 'Employer' and 'Funding Source' and manually enter their school affiliation in the adjacent fields.",
        "filename": "odo_user_guide.rst"
    },
    {
        "question": "In terms of storage, what is the difference between the personal NFS directory and the project NFS directory on Odo?",
        "answer": "The personal NFS directory, /ccsopen/home/[userid], is accessible only by the individual user for storing personal files and applications. In contrast, the project NFS directory, /ccsopen/proj/[projid], is visible to all project members for collaborative storage and application builds.",
        "filename": "odo_user_guide.rst"
    },
    {
        "question": "What is the function of the wolf2 file system on Odo?",
        "answer": "The wolf2 file system is a GPFS parallel file system used for data storage when running on Odo's compute nodes.",
        "filename": "odo_user_guide.rst"
    },
    {
        "question": "How should a user indicate their participation in an OLCF training event in the access request form?",
        "answer": "On the Project Information screen of the access request form, users should fill the 'Proposed Contribution to Project' field with 'Participating in OLCF training' and leave all other project-related questions set to 'no'.",
        "filename": "odo_user_guide.rst"
    },
    {
        "question": "Describe the approval process for gaining access to Odo.",
        "answer": "After submitting the application, the request must pass through an approval process, which may take until the next business day. Once approved, new users receive an email to set up a password, while existing users can log in using their current XCAMS/UCAMS credentials.",
        "filename": "odo_user_guide.rst"
    },
    {
        "question": "What steps should a user take if they forget which shell to select during the account setup process?",
        "answer": "If unsure of which shell to select, users should choose '/bin/bash' during account setup. This can be changed later if necessary.",
        "filename": "odo_user_guide.rst"
    },
    {
        "question": "What information is required from users regarding their employment or institution during the access request process?",
        "answer": "Users must provide their employment or institution information, including their employer and funding source. Students should use their school affiliation for both fields, and if their school is not listed, they should manually enter it.",
        "filename": "odo_user_guide.rst"
    },
    {
        "question": "Explain the login process for Odo and any specific requirements or differences compared to other systems.",
        "answer": "To log into Odo, users need their XCAMS/UCAMS username and password. This process does not require an RSA token, which is typically needed for other OLCF systems like Frontier. Users should use the command '$ ssh USERNAME@login1.odo.olcf.ornl.gov' to access the system.",
        "filename": "odo_user_guide.rst"
    },
    {
        "question": "What are the characteristics of the Graphics Compute Dies (GCDs) in Odo's compute nodes?",
        "answer": "Each Odo compute node contains 4 AMD MI250X, each with 2 Graphics Compute Dies (GCDs), totaling 8 GCDs per node. Each GCD can be considered a separate GPU, each having 64 GB of high-bandwidth memory.",
        "filename": "odo_user_guide.rst"
    },
    {
        "question": "How are the GPFS directories under /gpfs/wolf2/[projid] organized, and what are their access permissions?",
        "answer": "Under /gpfs/wolf2/[projid], the GPFS directories are organized as follows: 'proj-shared' is accessible to all project members, 'scratch' contains user-specific directories accessible only to the respective user, and 'world-shared' is accessible to any users on the system from any project.",
        "filename": "odo_user_guide.rst"
    },
    {
        "question": "What should users do on the 'Policies & Agreements' page during the access request process?",
        "answer": "On the 'Policies & Agreements' page, users should click the links to read the policies, affirm they have read each by answering 'Yes', and certify their application by selecting 'Yes'. Then, they should click 'Submit' to complete the process.",
        "filename": "odo_user_guide.rst"
    },
    {
        "question": "What happens after a user's application for access to Odo is approved?",
        "answer": "Once a user's application is approved, if they are new, they will receive an email to set up a password. Existing users with an XCAMS/UCAMS account will not receive this email and will use their existing credentials to log in. Once the password is set, users can access Odo using their XCAMS/UCAMS username and password.",
        "filename": "odo_user_guide.rst"
    },
    {
        "question": "What happened to the Spock Early Access System on March 15, 2023?",
        "answer": "The Spock Early Access System was decommissioned on March 15, 2023.",
        "filename": "spock_quick_start_guide.rst"
    },
    {
        "question": "Who were the primary users of the Spock system?",
        "answer": "The primary users of the Spock system included teams from the Center for Accelerated Application Readiness (CAAR), Exascale Computing Project (ECP), NCCS staff, and vendor partners.",
        "filename": "spock_quick_start_guide.rst"
    },
    {
        "question": "Describe the hardware configuration of a Spock compute node.",
        "answer": "Each Spock compute node consisted of a 64-core AMD EPYC 7662 'Rome' CPU with 2 hardware threads per physical core, 256 GB of DDR4 memory, and was connected to 4 AMD MI100 GPUs via PCIe Gen4. It also had 2 NVMe devices with sequential read and write speeds of 6900 MB/s and 4200 MB/s, respectively.",
        "filename": "spock_quick_start_guide.rst"
    },
    {
        "question": "Explain the NUMA domain configuration on a Spock compute node.",
        "answer": "There are 4 NUMA domains per Spock compute node, defined as follows: NUMA 0 includes hardware threads 000-015 and 064-079 with GPU 0, NUMA 1 includes hardware threads 016-031 and 080-095 with GPU 1, NUMA 2 includes hardware threads 032-047 and 096-111 with GPU 2, and NUMA 3 includes hardware threads 048-063 and 112-127 with GPU 3.",
        "filename": "spock_quick_start_guide.rst"
    },
    {
        "question": "What is the total number of GPUs in the Spock system, and what are their capabilities?",
        "answer": "The Spock system contains a total of 144 AMD MI100 GPUs. Each GPU has a peak performance of up to 11.5 TFLOPS in double-precision for modeling and simulation, and up to 184.6 TFLOPS in half-precision for machine learning and data analytics.",
        "filename": "spock_quick_start_guide.rst"
    },
    {
        "question": "How can users access data previously stored on Spock after its decommissioning?",
        "answer": "Users can access data previously stored on Spock from the Home server and the Data Transfer Nodes (DTN).",
        "filename": "spock_quick_start_guide.rst"
    },
    {
        "question": "What role did Spock play in relation to the Frontier system?",
        "answer": "Spock was used as an early-access testbed that contained similar hardware and software as the upcoming Frontier system. It was intended to help prepare and test applications and systems for the Frontier system.",
        "filename": "spock_quick_start_guide.rst"
    },
    {
        "question": "Describe the node interconnect and storage capabilities of Spock.",
        "answer": "Spock nodes were connected using Slingshot-10, providing a node injection bandwidth of 12.5 GB/s. It was also connected to an IBM Spectrum Scale™ filesystem providing 250 PB of storage capacity with a peak write speed of 2.5 TB/s.",
        "filename": "spock_quick_start_guide.rst"
    },
    {
        "question": "What is the recommended compiler for use on Spock and why?",
        "answer": "It is highly recommended to use the Cray compiler wrappers (cc, CC, and ftn) on Spock because they automatically add include paths and link in libraries for Cray software, simplifying the compilation process and ensuring compatibility with the system's requirements.",
        "filename": "spock_quick_start_guide.rst"
    },
    {
        "question": "How does the Lmod module system assist users on Spock?",
        "answer": "The Lmod module system, a Lua-based module system, assists users on Spock by managing changes to shell environment variables like PATH, LD_LIBRARY_PATH, and PKG_CONFIG_PATH. It allows users to alter the software available in their shell environment dynamically, preventing conflicts between package and version combinations.",
        "filename": "spock_quick_start_guide.rst"
    },
    {
        "question": "Explain how Slurm is used to manage jobs on Spock.",
        "answer": "Slurm is the workload manager used to submit, run, and monitor jobs on Spock's compute nodes. It provides several methods for job submission, including batch scripts, interactive jobs, and single-command submissions. Slurm commands like sbatch, salloc, and srun are used to manage these processes.",
        "filename": "spock_quick_start_guide.rst"
    },
    {
        "question": "What are the two Slurm partitions available on Spock, and what are their characteristics?",
        "answer": "Spock's compute nodes are separated into two Slurm partitions: one for CAAR projects with 24 compute nodes, and one for ECP projects with 12 compute nodes. Each user can have 1 running and 1 eligible job at a time on both partitions, with no limit on the number of jobs submitted for CAAR and up to 5 jobs submitted for ECP.",
        "filename": "spock_quick_start_guide.rst"
    },
    {
        "question": "How can users map processes and threads to CPUs and GPUs on Spock?",
        "answer": "Users can map processes (e.g., MPI ranks) and threads (e.g., OpenMP threads) to CPUs and GPUs using Slurm options. The srun command, along with options like --gpus-per-task and --gpu-bind, allows users to control the distribution of these processes and threads across the available hardware resources.",
        "filename": "spock_quick_start_guide.rst"
    },
    {
        "question": "What steps are involved in using NVMe devices on Spock?",
        "answer": "To use NVMe devices on Spock, users must request access during job allocation using the -C nvme option with sbatch, salloc, or srun. Once granted, the devices can be accessed at /mnt/bb/<userid>. Users are responsible for moving data to/from the NVMe before and after their jobs.",
        "filename": "spock_quick_start_guide.rst"
    },
    {
        "question": "What are the peak performance capabilities of the AMD MI100 GPUs in Spock for different precision levels?",
        "answer": "The AMD MI100 GPUs in Spock have a peak performance of up to 11.5 TFLOPS for double-precision calculations used in modeling and simulation, and up to 184.6 TFLOPS for half-precision calculations used in machine learning and data analytics.",
        "filename": "spock_quick_start_guide.rst"
    },
    {
        "question": "What is the purpose of the Cray PrgEnv-<compiler> modules on Spock?",
        "answer": "The Cray PrgEnv-<compiler> modules on Spock are used to load compatible components of a specific compiler toolchain, including the specified compiler, MPI, LibSci, and other libraries. These modules also define a set of compiler wrappers that automatically add include paths and link in libraries for Cray software.",
        "filename": "spock_quick_start_guide.rst"
    },
    {
        "question": "How does Spock handle GPU-aware MPI communication?",
        "answer": "Spock uses Cray's MPICH implementation, which is GPU-aware, allowing GPU buffers to be passed directly to MPI calls. This requires specific modules, environment variables, and headers/libraries to be set, ensuring efficient communication between GPUs and CPU processes.",
        "filename": "spock_quick_start_guide.rst"
    },
    {
        "question": "What are the storage access options available on Spock for data archiving?",
        "answer": "Spock does not have direct access to the center’s Nearline archival storage system (Kronos), but users can log in to the moderate DTNs to move data to/from Kronos or use the 'OLCF Kronos' Globus collection for data archiving purposes.",
        "filename": "spock_quick_start_guide.rst"
    },
    {
        "question": "What should users do if they encounter problems while running programs on Spock?",
        "answer": "If users encounter problems while running programs on Spock, they are encouraged to submit a ticket by emailing help@olcf.ornl.gov for assistance.",
        "filename": "spock_quick_start_guide.rst"
    },
    {
        "question": "Explain the role of the Infinity Fabric in the Spock system.",
        "answer": "The Infinity Fabric in the Spock system connects the GPUs in an all-to-all arrangement, allowing for a peak device-to-device bandwidth of 46+46 GB/s. This ensures efficient data transfer between GPUs, enhancing the overall performance of parallel computations.",
        "filename": "spock_quick_start_guide.rst"
    }
]